	region
6840x9187	0.0
6841x9552	0.0
8145x22328	1.0
8779x21596	1.0
8780x21961	1.0
8463x22145	1.0
8781x22326	1.0
8463x22510	1.0
8464x22875	1.0
8465x23240	1.0
8784x23422	1.0
8466x23605	1.0
8785x23787	1.0
8467x23970	1.0
8785x24152	1.0
8786x24517	1.0
8787x24882	1.0
8794x27438	0.0
8477x27621	0.0
8795x27803	0.0
9409x19769	1.0
9410x20134	1.0
9411x20499	1.0
9094x20682	1.0
9412x20864	1.0
9095x21048	1.0
9413x21229	1.0
9096x21413	1.0
9414x21594	1.0
9097x21778	1.0
9415x21960	1.0
9098x22143	1.0
9416x22325	1.0
9417x22690	1.0
9100x22873	1.0
9418x23055	1.0
9101x23238	1.0
9419x23420	1.0
9102x23603	1.0
9420x23785	1.0
9103x23969	1.0
9421x24150	1.0
9104x24334	1.0
9422x24515	1.0
9105x24699	1.0
9423x24880	1.0
9106x25064	1.0
9424x25246	1.0
9425x25611	1.0
9111x27255	0.0
9430x27436	0.0
9112x27620	0.0
9430x27801	0.0
10041x18307	1.0
10042x18672	1.0
9724x18855	1.0
10043x19037	1.0
9725x19220	1.0
10044x19402	1.0
9726x19585	1.0
10044x19767	1.0
9727x19951	1.0
10045x20132	1.0
9728x20316	1.0
10046x20497	1.0
9729x20681	1.0
10047x20862	1.0
9730x21046	1.0
10048x21228	1.0
9731x21411	1.0
10049x21593	1.0
9732x21776	1.0
10050x21958	1.0
9733x22141	1.0
10051x22323	1.0
9734x22506	1.0
10052x22688	1.0
9735x22871	1.0
10053x23053	1.0
9736x23237	1.0
10054x23418	1.0
9737x23602	1.0
10055x23783	1.0
9738x23967	1.0
10056x24149	1.0
9739x24332	1.0
10057x24514	1.0
9740x24697	1.0
10058x24879	1.0
9741x25062	1.0
10059x25244	1.0
9742x25427	1.0
10060x25609	1.0
9743x25792	1.0
10064x27069	0.0
9747x27253	0.0
10065x27435	0.0
9748x27618	0.0
10066x27800	0.0
10335x9360	0.0
10672x16844	1.0
10673x17210	1.0
10674x17575	1.0
10357x17758	1.0
10675x17940	1.0
10358x18123	1.0
10676x18305	1.0
10359x18488	1.0
10677x18670	1.0
10360x18853	1.0
10678x19035	1.0
10361x19219	1.0
10679x19400	1.0
10362x19584	1.0
10680x19765	1.0
10363x19949	1.0
10681x20131	1.0
10364x20314	1.0
10682x20496	1.0
10365x20679	1.0
10683x20861	1.0
10366x21044	1.0
10684x21226	1.0
10366x21409	1.0
10685x21591	1.0
10367x21774	1.0
10686x21956	1.0
10368x22140	1.0
10687x22321	1.0
10369x22505	1.0
10688x22686	1.0
10370x22870	1.0
10689x23051	1.0
10371x23235	1.0
10689x23417	1.0
10372x23600	1.0
10690x23782	1.0
10373x23965	1.0
10691x24147	1.0
10374x24330	1.0
10692x24512	1.0
10375x24695	1.0
10693x24877	1.0
10376x25060	1.0
10694x25242	1.0
10377x25426	1.0
10695x25607	1.0
10378x25791	1.0
10696x25972	1.0
10699x27068	0.0
10382x27251	0.0
10700x27433	0.0
10383x27616	0.0
10701x27798	0.0
11304x15747	1.0
11305x16113	1.0
10988x16296	1.0
11306x16478	1.0
10989x16661	1.0
11307x16843	1.0
10990x17026	1.0
11308x17208	1.0
10991x17391	1.0
11309x17573	1.0
10992x17756	1.0
11310x17938	1.0
10993x18122	1.0
11311x18303	1.0
10994x18487	1.0
11312x18668	1.0
10995x18852	1.0
11313x19033	1.0
10996x19217	1.0
11314x19399	1.0
10997x19582	1.0
11315x19764	1.0
10998x19947	1.0
11316x20129	1.0
10999x20312	1.0
11317x20494	1.0
11000x20677	1.0
11318x20859	1.0
11001x21042	1.0
11319x21224	1.0
11002x21408	1.0
11320x21589	1.0
11003x21773	1.0
11321x21954	1.0
11004x22138	1.0
11322x22320	1.0
11005x22503	1.0
11323x22685	1.0
11006x22868	1.0
11324x23050	1.0
11007x23233	1.0
11325x23415	1.0
11008x23598	1.0
11326x23780	1.0
11009x23963	1.0
11327x24145	1.0
11010x24329	1.0
11328x24510	1.0
11011x24694	1.0
11329x24875	1.0
11011x25059	1.0
11330x25241	1.0
11012x25424	1.0
11331x25606	1.0
11013x25789	1.0
11332x25971	0.0
11017x27250	0.0
11335x27431	0.0
11018x27615	0.0
11336x27796	0.0
11937x14650	1.0
11938x15015	1.0
11621x15199	1.0
11939x15381	1.0
11622x15564	1.0
11940x15746	1.0
11623x15929	1.0
11941x16111	1.0
11624x16294	1.0
11942x16476	1.0
11625x16659	1.0
11943x16841	1.0
11625x17024	1.0
11944x17206	1.0
11626x17390	1.0
11945x17571	1.0
11627x17755	1.0
11946x17936	1.0
11628x18120	1.0
11947x18302	1.0
11629x18485	1.0
11947x18667	1.0
11630x18850	1.0
11948x19032	1.0
11631x19215	1.0
11949x19397	1.0
11632x19580	1.0
11950x19762	1.0
11633x19945	1.0
11951x20127	1.0
11634x20311	1.0
11952x20492	1.0
11635x20676	1.0
11953x20857	1.0
11636x21041	1.0
11954x21223	1.0
11637x21406	1.0
11955x21588	1.0
11638x21771	1.0
11956x21953	1.0
11639x22136	1.0
11957x22318	1.0
11640x22501	1.0
11958x22683	1.0
11641x22866	1.0
11959x23048	1.0
11642x23232	1.0
11960x23413	1.0
11643x23597	1.0
11961x23778	1.0
11644x23962	1.0
11962x24143	1.0
11645x24327	1.0
11963x24509	1.0
11646x24692	1.0
11964x24874	1.0
11647x25057	1.0
11965x25239	1.0
11648x25422	1.0
11966x25604	0.0
11649x25787	1.0
11967x25969	0.0
11650x26152	0.0
11968x26334	0.0
11969x26699	0.0
11970x27064	0.0
11653x27248	0.0
11971x27430	0.0
11654x27613	0.0
11972x27795	0.0
12559x9537	0.0
12570x13918	1.0
12571x14284	1.0
12254x14467	1.0
12572x14649	1.0
12255x14832	1.0
12573x15014	1.0
12256x15197	1.0
12574x15379	1.0
12257x15562	1.0
12575x15744	1.0
12258x15927	1.0
12576x16109	1.0
12259x16293	1.0
12577x16474	1.0
12260x16658	1.0
12578x16839	1.0
12261x17023	1.0
12579x17205	1.0
12262x17388	1.0
12580x17570	1.0
12263x17753	1.0
12581x17935	1.0
12264x18118	1.0
12582x18300	1.0
12265x18483	1.0
12583x18665	1.0
12266x18848	1.0
12584x19030	1.0
12267x19214	1.0
12585x19395	1.0
12268x19579	1.0
12586x19760	1.0
12269x19944	1.0
12587x20125	1.0
12270x20309	1.0
12588x20491	1.0
12270x20674	1.0
12589x20856	0.0
12271x21039	1.0
12590x21221	0.0
12272x21404	1.0
12591x21586	0.0
12273x21769	1.0
12592x21951	1.0
12274x22134	1.0
12592x22316	1.0
12275x22500	1.0
12593x22681	1.0
12276x22865	1.0
12594x23046	1.0
12277x23230	1.0
12595x23412	1.0
12278x23595	1.0
12596x23777	1.0
12279x23960	1.0
12597x24142	1.0
12280x24325	1.0
12598x24507	1.0
12281x24690	1.0
12599x24872	0.0
12282x25055	1.0
12600x25237	0.0
12283x25421	0.0
12601x25602	0.0
12284x25786	0.0
12602x25967	0.0
12285x26151	0.0
12603x26333	0.0
12286x26516	0.0
12604x26698	0.0
12287x26881	0.0
12605x27063	0.0
12288x27246	0.0
12606x27428	0.0
12289x27611	0.0
12607x27793	0.0
12875x8988	0.0
13204x13187	1.0
13205x13552	1.0
12887x13735	1.0
13206x13917	1.0
12888x14100	1.0
13206x14282	1.0
12889x14465	1.0
13207x14647	1.0
12890x14830	1.0
13208x15012	1.0
12891x15196	1.0
13209x15377	1.0
12892x15561	1.0
13210x15742	1.0
12893x15926	1.0
13211x16107	1.0
12894x16291	1.0
13212x16473	1.0
12895x16656	1.0
13213x16838	1.0
12896x17021	1.0
13214x17203	1.0
12897x17386	1.0
13215x17568	1.0
12898x17751	1.0
13216x17933	1.0
12899x18116	1.0
13217x18298	1.0
12900x18482	1.0
13218x18663	1.0
12901x18847	1.0
13219x19028	1.0
12902x19212	1.0
13220x19394	1.0
12903x19577	1.0
13221x19759	1.0
12904x19942	1.0
13222x20124	0.0
12905x20307	0.0
13223x20489	0.0
12906x20672	0.0
13224x20854	0.0
12907x21037	0.0
13225x21219	0.0
12908x21403	0.0
13226x21584	0.0
12909x21768	1.0
13227x21949	1.0
12910x22133	1.0
13228x22315	1.0
12911x22498	1.0
13229x22680	1.0
12912x22863	1.0
13230x23045	1.0
12913x23228	1.0
13231x23410	1.0
12914x23593	1.0
13232x23775	0.0
12915x23958	1.0
13233x24140	0.0
12915x24324	0.0
13234x24505	0.0
12916x24689	0.0
13235x24870	0.0
12917x25054	0.0
13236x25235	0.0
12918x25419	0.0
13237x25601	0.0
12919x25784	0.0
13237x25966	0.0
12920x26149	0.0
13238x26331	0.0
12921x26514	0.0
13239x26696	0.0
12922x26879	0.0
13240x27061	0.0
12923x27244	0.0
13241x27426	0.0
12924x27610	0.0
13242x27791	0.0
13509x8622	0.0
13838x12820	1.0
13521x13003	1.0
13839x13185	1.0
13522x13368	1.0
13840x13550	1.0
13523x13733	1.0
13841x13915	1.0
13524x14098	1.0
13842x14280	1.0
13525x14464	1.0
13843x14645	1.0
13526x14829	1.0
13844x15010	1.0
13527x15194	1.0
13845x15376	1.0
13528x15559	1.0
13846x15741	1.0
13529x15924	1.0
13847x16106	1.0
13529x16289	1.0
13848x16471	1.0
13530x16654	1.0
13849x16836	1.0
13531x17019	1.0
13850x17201	1.0
13532x17385	1.0
13851x17566	1.0
13533x17750	1.0
13851x17931	1.0
13534x18115	1.0
13852x18297	1.0
13535x18480	1.0
13853x18662	1.0
13536x18845	1.0
13854x19027	0.0
13537x19210	1.0
13855x19392	0.0
13538x19575	1.0
13856x19757	0.0
13539x19940	0.0
13857x20122	0.0
13540x20306	0.0
13858x20487	0.0
13541x20671	0.0
13859x20852	0.0
13542x21036	0.0
13860x21217	0.0
13543x21401	0.0
13861x21583	1.0
13544x21766	1.0
13862x21948	1.0
13545x22131	1.0
13863x22313	1.0
13546x22496	1.0
13864x22678	0.0
13547x22861	1.0
13865x23043	0.0
13548x23226	0.0
13866x23408	0.0
13549x23592	0.0
13867x23773	0.0
13550x23957	0.0
13868x24138	0.0
13551x24322	0.0
13869x24504	0.0
13552x24687	0.0
13870x24869	0.0
13553x25052	0.0
13871x25234	0.0
13554x25417	0.0
13872x25599	0.0
13555x25782	0.0
13873x25964	0.0
13556x26147	0.0
13874x26329	0.0
13557x26513	0.0
13875x26694	0.0
13558x26878	0.0
13876x27059	0.0
13559x27243	0.0
13877x27424	0.0
13560x27608	0.0
13878x27790	0.0
14471x12088	1.0
14154x12271	1.0
14472x12453	1.0
14155x12636	1.0
14473x12818	1.0
14156x13001	1.0
14474x13183	1.0
14157x13367	1.0
14475x13548	1.0
14158x13732	1.0
14476x13913	1.0
14159x14097	1.0
14477x14279	1.0
14160x14462	1.0
14478x14644	1.0
14161x14827	1.0
14479x15009	1.0
14162x15192	1.0
14480x15374	1.0
14163x15557	1.0
14481x15739	1.0
14164x15922	1.0
14482x16104	1.0
14165x16288	1.0
14483x16469	1.0
14166x16653	1.0
14484x16834	1.0
14167x17018	1.0
14485x17199	1.0
14168x17383	1.0
14486x17565	1.0
14169x17748	1.0
14487x17930	0.0
14170x18113	1.0
14488x18295	0.0
14171x18478	0.0
14489x18660	0.0
14172x18843	0.0
14490x19025	0.0
14173x19208	0.0
14491x19390	0.0
14173x19574	0.0
14492x19755	0.0
14174x19939	0.0
14493x20120	0.0
14175x20304	0.0
14494x20486	0.0
14176x20669	0.0
14495x20851	0.0
14177x21034	0.0
14496x21216	1.0
14178x21399	1.0
14496x21581	1.0
14179x21764	1.0
14497x21946	1.0
14180x22129	1.0
14498x22311	0.0
14181x22495	0.0
14499x22676	0.0
14182x22860	0.0
14500x23041	0.0
14183x23225	0.0
14501x23406	0.0
14184x23590	0.0
14502x23772	0.0
14185x23955	0.0
14503x24137	0.0
14186x24320	0.0
14504x24502	0.0
14187x24685	0.0
14505x24867	0.0
14188x25050	0.0
14506x25232	0.0
14189x25415	0.0
14507x25597	0.0
14190x25781	0.0
14508x25962	0.0
14191x26146	0.0
14509x26327	0.0
14192x26511	0.0
14510x26693	0.0
14193x26876	0.0
14511x27058	0.0
14194x27241	0.0
14512x27423	0.0
14195x27606	0.0
14513x27788	0.0
14782x9349	0.0
15106x11721	1.0
14788x11904	1.0
15107x12086	1.0
14789x12270	1.0
15108x12451	1.0
14790x12635	1.0
15109x12816	1.0
14791x13000	1.0
15110x13181	1.0
14792x13365	1.0
15110x13547	1.0
14793x13730	1.0
15111x13912	1.0
14794x14095	1.0
15112x14277	1.0
14795x14460	1.0
15113x14642	1.0
14796x14825	1.0
15114x15007	1.0
14797x15190	1.0
15115x15372	1.0
14798x15556	1.0
15116x15737	1.0
14799x15921	1.0
15117x16102	1.0
14800x16286	1.0
15118x16468	1.0
14801x16651	1.0
15119x16833	0.0
14802x17016	1.0
15120x17198	0.0
14803x17381	0.0
15121x17563	0.0
14804x17746	0.0
15122x17928	0.0
14805x18111	0.0
15123x18293	0.0
14806x18477	0.0
15124x18658	0.0
14807x18842	0.0
15125x19023	0.0
14808x19207	0.0
15126x19388	0.0
14809x19572	0.0
15127x19754	0.0
14810x19937	0.0
15128x20119	0.0
14811x20302	0.0
15129x20484	0.0
14812x20667	0.0
15130x20849	1.0
14813x21032	1.0
15131x21214	1.0
14814x21397	1.0
15132x21579	1.0
14815x21763	1.0
15133x21944	0.0
14816x22128	1.0
15134x22309	0.0
14817x22493	0.0
15135x22675	0.0
14818x22858	0.0
15136x23040	0.0
14818x23223	0.0
15137x23405	0.0
14819x23588	0.0
15138x23770	0.0
14820x23953	0.0
15139x24135	0.0
14821x24318	0.0
15140x24500	0.0
14822x24684	0.0
15141x24865	0.0
14823x25049	0.0
15141x25230	0.0
14824x25414	0.0
15142x25596	0.0
14825x25779	0.0
15143x25961	0.0
14826x26144	0.0
15144x26326	0.0
14827x26509	0.0
15145x26691	0.0
14828x26874	0.0
15146x27056	0.0
14829x27239	0.0
15147x27421	0.0
14830x27605	0.0
15148x27786	0.0
15740x11354	1.0
15423x11538	1.0
15741x11719	1.0
15424x11903	1.0
15742x12084	1.0
15425x12268	1.0
15743x12450	1.0
15426x12633	1.0
15744x12815	1.0
15427x12998	1.0
15745x13180	1.0
15428x13363	1.0
15746x13545	1.0
15429x13728	1.0
15747x13910	1.0
15430x14093	1.0
15748x14275	1.0
15431x14459	1.0
15749x14640	1.0
15432x14824	1.0
15750x15005	1.0
15432x15189	1.0
15751x15371	1.0
15433x15554	1.0
15752x15736	1.0
15434x15919	1.0
15753x16101	0.0
15435x16284	1.0
15754x16466	0.0
15436x16649	0.0
15754x16831	0.0
15437x17014	0.0
15755x17196	0.0
15438x17379	0.0
15756x17561	0.0
15439x17745	0.0
15757x17926	0.0
15440x18110	0.0
15758x18291	0.0
15441x18475	0.0
15759x18657	0.0
15442x18840	0.0
15760x19022	0.0
15443x19205	0.0
15761x19387	0.0
15444x19570	0.0
15762x19752	0.0
15445x19935	0.0
15763x20117	0.0
15446x20300	0.0
15764x20482	0.0
15447x20666	0.0
15765x20847	0.0
15448x21031	0.0
15766x21212	0.0
15449x21396	0.0
15767x21578	0.0
15450x21761	0.0
15768x21943	0.0
15451x22126	0.0
15769x22308	0.0
15452x22491	0.0
15770x22673	0.0
15453x22856	0.0
15771x23038	0.0
15454x23221	0.0
15772x23403	0.0
15455x23587	0.0
15773x23768	0.0
15456x23952	0.0
15774x24133	0.0
15457x24317	0.0
15775x24498	0.0
15458x24682	0.0
15776x24864	0.0
15459x25047	0.0
15777x25229	0.0
15460x25412	0.0
15778x25594	0.0
15461x25777	0.0
15779x25959	0.0
15462x26142	0.0
15780x26324	0.0
15463x26507	0.0
15781x26689	0.0
15463x26873	0.0
15782x27054	0.0
15464x27238	0.0
15783x27419	0.0
15465x27603	0.0
15784x27785	0.0
16374x10987	1.0
16057x11171	1.0
16375x11353	1.0
16058x11536	1.0
16376x11718	1.0
16059x11901	1.0
16377x12083	1.0
16060x12266	1.0
16378x12448	1.0
16061x12631	1.0
16379x12813	1.0
16062x12996	1.0
16380x13178	1.0
16063x13362	1.0
16381x13543	1.0
16064x13727	1.0
16382x13908	1.0
16065x14092	1.0
16383x14273	1.0
16066x14457	1.0
16384x14639	1.0
16067x14822	1.0
16385x15004	1.0
16068x15187	1.0
16386x15369	1.0
16069x15552	1.0
16387x15734	0.0
16070x15917	0.0
16388x16099	0.0
16071x16282	0.0
16389x16464	0.0
16072x16648	0.0
16390x16829	0.0
16073x17013	0.0
16391x17194	0.0
16074x17378	0.0
16392x17560	0.0
16075x17743	0.0
16393x17925	0.0
16076x18108	0.0
16394x18290	0.0
16077x18473	0.0
16395x18655	0.0
16077x18838	0.0
16396x19020	0.0
16078x19203	0.0
16397x19385	0.0
16079x19569	0.0
16398x19750	0.0
16080x19934	0.0
16399x20115	0.0
16081x20299	0.0
16399x20480	0.0
16082x20664	0.0
16400x20846	0.0
16083x21029	0.0
16401x21211	0.0
16084x21394	0.0
16402x21576	0.0
16085x21759	0.0
16403x21941	0.0
16086x22124	0.0
16404x22306	0.0
16087x22489	0.0
16405x22671	0.0
16088x22855	0.0
16406x23036	0.0
16089x23220	0.0
16407x23401	0.0
16090x23585	0.0
16408x23767	0.0
16091x23950	0.0
16409x24132	0.0
16092x24315	0.0
16410x24497	0.0
16093x24680	0.0
16411x24862	0.0
16094x25045	0.0
16412x25227	0.0
16095x25410	0.0
16413x25592	0.0
16096x25776	0.0
16414x25957	0.0
16097x26141	0.0
16415x26322	0.0
16098x26506	0.0
16416x26688	0.0
16099x26871	0.0
16417x27053	0.0
16100x27236	0.0
16418x27418	0.0
16101x27601	0.0
16419x27783	0.0
17009x10621	1.0
16691x10804	1.0
17010x10986	1.0
16692x11169	1.0
17011x11351	1.0
16693x11534	1.0
17012x11716	1.0
16694x11899	1.0
17013x12081	1.0
16695x12264	1.0
17013x12446	1.0
16696x12630	1.0
17014x12811	1.0
16697x12995	1.0
17015x13176	1.0
16698x13360	1.0
17016x13542	1.0
16699x13725	1.0
17017x13907	1.0
16700x14090	1.0
17018x14272	1.0
16701x14455	1.0
17019x14637	1.0
16702x14820	1.0
17020x15002	0.0
16703x15185	1.0
17021x15367	0.0
16704x15551	0.0
17022x15732	0.0
16705x15916	0.0
17023x16097	0.0
16706x16281	0.0
17024x16462	0.0
16707x16646	0.0
17025x16828	0.0
16708x17011	0.0
17026x17193	0.0
16709x17376	0.0
17027x17558	0.0
16710x17741	0.0
17028x17923	0.0
16711x18106	0.0
17029x18288	0.0
16712x18471	0.0
17030x18653	0.0
16713x18837	0.0
17031x19018	0.0
16714x19202	0.0
17032x19383	0.0
16715x19567	0.0
17033x19749	0.0
16716x19932	0.0
17034x20114	0.0
16717x20297	0.0
17035x20479	0.0
16718x20662	0.0
17036x20844	0.0
16719x21027	0.0
17037x21209	0.0
16720x21392	0.0
17038x21574	0.0
16721x21758	0.0
17039x21939	0.0
16722x22123	0.0
17040x22304	0.0
16722x22488	0.0
17041x22670	0.0
16723x22853	0.0
17042x23035	0.0
16724x23218	0.0
17043x23400	0.0
16725x23583	0.0
17044x23765	0.0
16726x23948	0.0
17044x24130	0.0
16727x24313	0.0
17045x24495	0.0
16728x24679	0.0
17046x24860	0.0
16729x25044	0.0
17047x25225	0.0
16730x25409	0.0
17048x25590	0.0
16731x25774	0.0
17049x25956	0.0
16732x26139	0.0
17050x26321	0.0
16733x26504	0.0
17051x26686	0.0
16734x26869	0.0
17052x27051	0.0
16735x27234	0.0
17053x27416	0.0
16736x27599	0.0
17054x27781	0.0
17644x10619	1.0
17327x10802	1.0
17645x10984	1.0
17328x11167	1.0
17646x11349	1.0
17329x11533	1.0
17647x11714	1.0
17330x11898	1.0
17648x12079	1.0
17331x12263	1.0
17649x12444	1.0
17332x12628	1.0
17650x12810	1.0
17333x12993	1.0
17651x13175	1.0
17334x13358	1.0
17652x13540	1.0
17335x13723	1.0
17653x13905	1.0
17336x14088	1.0
17654x14270	1.0
17336x14453	1.0
17655x14635	0.0
17337x14819	0.0
17656x15000	0.0
17338x15184	0.0
17657x15365	0.0
17339x15549	0.0
17658x15731	0.0
17340x15914	0.0
17658x16096	0.0
17341x16279	0.0
17659x16461	0.0
17342x16644	0.0
17660x16826	0.0
17343x17009	0.0
17661x17191	0.0
17344x17374	0.0
17662x17556	0.0
17345x17740	0.0
17663x17921	0.0
17346x18105	0.0
17664x18286	0.0
17347x18470	0.0
17665x18652	0.0
17348x18835	0.0
17666x19017	0.0
17349x19200	0.0
17667x19382	0.0
17350x19565	0.0
17668x19747	0.0
17351x19930	0.0
17669x20112	0.0
17352x20295	0.0
17670x20477	0.0
17353x20661	0.0
17671x20842	0.0
17354x21026	0.0
17672x21207	0.0
17355x21391	0.0
17673x21572	0.0
17356x21756	0.0
17674x21938	0.0
17357x22121	0.0
17675x22303	0.0
17358x22486	0.0
17676x22668	0.0
17359x22851	0.0
17677x23033	0.0
17360x23216	0.0
17678x23398	0.0
17361x23581	0.0
17679x23763	0.0
17362x23947	0.0
17680x24128	0.0
17363x24312	0.0
17681x24493	0.0
17364x24677	0.0
17682x24859	0.0
17365x25042	0.0
17683x25224	0.0
17366x25407	0.0
17684x25589	0.0
17367x25772	0.0
17685x25954	0.0
17367x26137	0.0
17686x26319	0.0
17368x26502	0.0
17687x26684	0.0
17369x26868	0.0
17688x27049	0.0
17370x27233	0.0
17689x27414	0.0
17371x27598	0.0
17689x27779	0.0
18278x10252	1.0
17961x10435	1.0
18279x10617	1.0
17962x10801	1.0
18280x10982	1.0
17963x11166	1.0
18281x11347	1.0
17964x11531	1.0
18282x11713	1.0
17965x11896	1.0
18283x12078	1.0
17966x12261	1.0
18284x12443	1.0
17967x12626	1.0
18285x12808	1.0
17968x12991	1.0
18286x13173	1.0
17969x13356	1.0
18287x13538	1.0
17970x13722	1.0
18288x13903	1.0
17971x14087	1.0
18289x14268	0.0
17972x14452	0.0
18290x14634	0.0
17973x14817	0.0
18291x14999	0.0
17974x15182	0.0
18292x15364	0.0
17975x15547	0.0
18293x15729	0.0
17976x15912	0.0
18294x16094	0.0
17977x16277	0.0
18295x16459	0.0
17978x16643	0.0
18296x16824	0.0
17979x17008	0.0
18297x17189	0.0
17980x17373	0.0
18298x17554	0.0
17980x17738	0.0
18299x17920	0.0
17981x18103	0.0
18300x18285	0.0
17982x18468	0.0
18301x18650	0.0
17983x18833	0.0
18302x19015	0.0
17984x19198	0.0
18303x19380	0.0
17985x19563	0.0
18303x19745	0.0
17986x19929	0.0
18304x20110	0.0
17987x20294	0.0
18305x20475	0.0
17988x20659	0.0
18306x20841	0.0
17989x21024	0.0
18307x21206	0.0
17990x21389	0.0
18308x21571	0.0
17991x21754	0.0
18309x21936	0.0
17992x22119	0.0
18310x22301	0.0
17993x22484	0.0
18311x22666	0.0
17994x22850	0.0
18312x23031	0.0
17995x23215	0.0
18313x23396	0.0
17996x23580	0.0
18314x23762	0.0
17997x23945	0.0
18315x24127	0.0
17998x24310	0.0
18316x24492	0.0
17999x24675	0.0
18317x24857	0.0
18000x25040	0.0
18318x25222	0.0
18001x25405	0.0
18319x25587	0.0
18002x25770	0.0
18320x25952	0.0
18003x26136	0.0
18321x26317	0.0
18004x26501	0.0
18322x26682	0.0
18005x26866	0.0
18323x27048	0.0
18006x27231	0.0
18324x27413	0.0
18007x27596	0.0
18325x27778	0.0
18914x10250	1.0
18596x10434	1.0
18915x10616	1.0
18597x10799	1.0
18916x10981	1.0
18598x11164	1.0
18917x11346	1.0
18599x11529	1.0
18917x11711	1.0
18600x11894	1.0
18918x12076	1.0
18601x12259	1.0
18919x12441	1.0
18602x12625	1.0
18920x12806	1.0
18603x12990	1.0
18921x13171	1.0
18604x13355	1.0
18922x13536	1.0
18605x13720	1.0
18923x13902	1.0
18606x14085	1.0
18924x14267	0.0
18607x14450	0.0
18925x14632	0.0
18608x14815	0.0
18926x14997	0.0
18609x15180	0.0
18927x15362	0.0
18610x15545	0.0
18928x15727	0.0
18611x15911	0.0
18929x16092	0.0
18612x16276	0.0
18930x16457	0.0
18613x16641	0.0
18931x16823	0.0
18614x17006	0.0
18932x17188	0.0
18615x17371	0.0
18933x17553	0.0
18616x17736	0.0
18934x17918	0.0
18617x18101	0.0
18935x18283	0.0
18618x18466	0.0
18936x18648	0.0
18619x18832	0.0
18937x19013	0.0
18620x19197	0.0
18938x19378	0.0
18621x19562	0.0
18939x19744	0.0
18622x19927	0.0
18940x20109	0.0
18623x20292	0.0
18941x20474	0.0
18624x20657	0.0
18942x20839	0.0
18625x21022	0.0
18943x21204	0.0
18625x21387	0.0
18944x21569	0.0
18626x21753	0.0
18945x21934	0.0
18627x22118	0.0
18946x22299	0.0
18628x22483	0.0
18947x22664	0.0
18629x22848	0.0
18948x23030	0.0
18630x23213	0.0
18948x23395	0.0
18631x23578	0.0
18949x23760	0.0
18632x23943	0.0
18950x24125	0.0
18633x24308	0.0
18951x24490	0.0
18634x24673	0.0
18952x24855	0.0
18635x25039	0.0
18953x25220	0.0
18636x25404	0.0
18954x25585	0.0
18637x25769	0.0
18955x25951	0.0
18638x26134	0.0
18956x26316	0.0
18639x26499	0.0
18957x26681	0.0
18640x26864	0.0
18958x27046	0.0
18641x27229	0.0
18959x27411	0.0
18642x27594	0.0
18960x27776	0.0
19548x9884	1.0
19231x10067	1.0
19549x10249	1.0
19232x10432	1.0
19550x10614	1.0
19233x10797	1.0
19551x10979	1.0
19234x11162	1.0
19552x11344	1.0
19235x11527	1.0
19553x11709	1.0
19236x11893	1.0
19554x12074	1.0
19237x12258	1.0
19555x12439	1.0
19238x12623	1.0
19556x12805	1.0
19239x12988	1.0
19557x13170	1.0
19239x13353	1.0
19558x13535	1.0
19240x13718	1.0
19559x13900	0.0
19241x14083	0.0
19560x14265	0.0
19242x14448	0.0
19561x14630	0.0
19243x14814	0.0
19562x14995	0.0
19244x15179	0.0
19562x15360	0.0
19245x15544	0.0
19563x15726	0.0
19246x15909	0.0
19564x16091	0.0
19247x16274	0.0
19565x16456	0.0
19248x16639	0.0
19566x16821	0.0
19249x17004	0.0
19567x17186	0.0
19250x17369	0.0
19568x17551	0.0
19251x17735	0.0
19569x17916	0.0
19252x18100	0.0
19570x18281	0.0
19253x18465	0.0
19571x18646	0.0
19254x18830	0.0
19572x19012	0.0
19255x19195	0.0
19573x19377	0.0
19256x19560	0.0
19574x19742	0.0
19257x19925	0.0
19575x20107	0.0
19258x20290	0.0
19576x20472	0.0
19259x20655	0.0
19577x20837	0.0
19260x21021	0.0
19578x21202	0.0
19261x21386	0.0
19579x21567	0.0
19262x21751	0.0
19580x21933	0.0
19263x22116	0.0
19581x22298	0.0
19264x22481	0.0
19582x22663	0.0
19265x22846	0.0
19583x23028	0.0
19266x23211	0.0
19584x23393	0.0
19267x23576	0.0
19585x23758	0.0
19268x23942	0.0
19586x24123	0.0
19269x24307	0.0
19587x24488	0.0
19270x24672	0.0
19588x24853	0.0
19270x25037	0.0
19589x25219	0.0
19271x25402	0.0
19590x25584	0.0
19272x25767	0.0
19591x25949	0.0
19273x26132	0.0
19592x26314	0.0
19274x26497	0.0
19593x26679	0.0
19275x26862	0.0
19593x27044	0.0
19276x27228	0.0
19594x27409	0.0
19277x27593	0.0
19595x27774	0.0
19866x10065	1.0
20184x10247	1.0
19867x10430	1.0
20185x10612	1.0
19868x10796	1.0
20186x10977	1.0
19869x11161	1.0
20187x11342	1.0
19870x11526	1.0
20188x11708	1.0
19871x11891	1.0
20189x12073	1.0
19872x12256	1.0
20190x12438	1.0
19873x12621	1.0
20191x12803	1.0
19874x12986	1.0
20192x13168	1.0
19875x13351	1.0
20193x13533	0.0
19876x13717	0.0
20194x13898	0.0
19877x14082	0.0
20195x14263	0.0
19878x14447	0.0
20196x14628	0.0
19879x14812	0.0
20197x14994	0.0
19880x15177	0.0
20198x15359	0.0
19881x15542	0.0
20199x15724	0.0
19882x15907	0.0
20200x16089	0.0
19883x16272	0.0
20201x16454	0.0
19884x16637	0.0
20202x16819	0.0
19884x17003	0.0
20203x17184	0.0
19885x17368	0.0
20204x17549	0.0
19886x17733	0.0
20205x17915	0.0
19887x18098	0.0
20206x18280	0.0
19888x18463	0.0
20206x18645	0.0
19889x18828	0.0
20207x19010	0.0
19890x19193	0.0
20208x19375	0.0
19891x19558	0.0
20209x19740	0.0
19892x19924	0.0
20210x20105	0.0
19893x20289	0.0
20211x20470	0.0
19894x20654	0.0
20212x20835	0.0
19895x21019	0.0
20213x21201	0.0
19896x21384	0.0
20214x21566	0.0
19897x21749	0.0
20215x21931	0.0
19898x22114	0.0
20216x22296	0.0
19899x22479	0.0
20217x22661	0.0
19900x22844	0.0
20218x23026	0.0
19901x23210	0.0
20219x23391	0.0
19902x23575	0.0
20220x23756	0.0
19903x23940	0.0
20221x24122	0.0
19904x24305	0.0
20222x24487	0.0
19905x24670	0.0
20223x24852	0.0
19906x25035	0.0
20224x25217	0.0
19907x25400	0.0
20225x25582	0.0
19908x25765	0.0
20226x25947	0.0
19909x26131	0.0
20227x26312	0.0
19910x26496	0.0
20228x26677	0.0
19911x26861	0.0
20229x27043	0.0
19912x27226	0.0
20230x27408	0.0
19913x27591	0.0
20231x27773	0.0
20501x10064	1.0
20820x10245	1.0
20502x10429	1.0
20820x10610	1.0
20503x10794	1.0
20821x10976	1.0
20504x11159	1.0
20822x11341	1.0
20505x11524	1.0
20823x11706	1.0
20506x11889	1.0
20824x12071	1.0
20507x12254	1.0
20825x12436	1.0
20508x12619	1.0
20826x12801	1.0
20509x12985	1.0
20827x13166	1.0
20510x13350	1.0
20828x13531	0.0
20511x13715	0.0
20829x13897	0.0
20512x14080	0.0
20830x14262	0.0
20513x14445	0.0
20831x14627	0.0
20514x14810	0.0
20832x14992	0.0
20515x15175	0.0
20833x15357	0.0
20516x15540	0.0
20834x15722	0.0
20517x15906	0.0
20835x16087	0.0
20518x16271	0.0
20836x16452	0.0
20519x16636	0.0
20837x16817	0.0
20520x17001	0.0
20838x17183	0.0
20521x17366	0.0
20839x17548	0.0
20522x17731	0.0
20840x17913	0.0
20523x18096	0.0
20841x18278	0.0
20524x18461	0.0
20842x18643	0.0
20525x18826	0.0
20843x19008	0.0
20526x19192	0.0
20844x19373	0.0
20527x19557	0.0
20845x19738	0.0
20528x19922	0.0
20846x20104	0.0
20529x20287	0.0
20847x20469	0.0
20529x20652	0.0
20848x20834	0.0
20530x21017	0.0
20849x21199	0.0
20531x21382	0.0
20850x21564	0.0
20532x21747	0.0
20851x21929	0.0
20533x22113	0.0
20851x22294	0.0
20534x22478	0.0
20852x22659	0.0
20535x22843	0.0
20853x23025	0.0
20536x23208	0.0
20854x23390	0.0
20537x23573	0.0
20855x23755	0.0
20538x23938	0.0
20856x24120	0.0
20539x24303	0.0
20857x24485	0.0
20540x24668	0.0
20858x24850	0.0
20541x25034	0.0
20859x25215	0.0
20542x25399	0.0
20860x25580	0.0
20543x25764	0.0
20861x25945	0.0
20544x26129	0.0
20862x26311	0.0
20545x26494	0.0
20863x26676	0.0
20546x26859	0.0
20864x27041	0.0
20547x27224	0.0
20865x27406	0.0
20548x27589	0.0
20866x27771	0.0
21137x10062	1.0
21455x10244	1.0
21138x10427	1.0
21456x10609	1.0
21139x10792	1.0
21457x10974	1.0
21140x11157	1.0
21458x11339	1.0
21141x11522	1.0
21459x11704	1.0
21142x11888	1.0
21460x12069	1.0
21143x12253	1.0
21461x12434	1.0
21143x12618	1.0
21462x12799	1.0
21144x12983	1.0
21463x13165	1.0
21145x13348	1.0
21464x13530	0.0
21146x13713	0.0
21465x13895	0.0
21147x14078	0.0
21465x14260	0.0
21148x14443	0.0
21466x14625	0.0
21149x14808	0.0
21467x14990	0.0
21150x15174	0.0
21468x15355	0.0
21151x15539	0.0
21469x15720	0.0
21152x15904	0.0
21470x16086	0.0
21153x16269	0.0
21471x16451	0.0
21154x16634	0.0
21472x16816	0.0
21155x16999	0.0
21473x17181	0.0
21156x17364	0.0
21474x17546	0.0
21157x17729	0.0
21475x17911	0.0
21158x18095	0.0
21476x18276	0.0
21159x18460	0.0
21477x18641	0.0
21160x18825	0.0
21478x19007	0.0
21161x19190	0.0
21479x19372	0.0
21162x19555	0.0
21480x19737	0.0
21163x19920	0.0
21481x20102	0.0
21164x20285	0.0
21482x20467	0.0
21165x20650	0.0
21483x20832	0.0
21166x21016	0.0
21484x21197	0.0
21167x21381	0.0
21485x21562	0.0
21168x21746	0.0
21486x21927	0.0
21169x22111	0.0
21487x22293	0.0
21170x22476	0.0
21488x22658	0.0
21171x22841	0.0
21489x23023	0.0
21172x23206	0.0
21490x23388	0.0
21173x23571	0.0
21491x23753	0.0
21174x23936	0.0
21492x24118	0.0
21174x24302	0.0
21493x24483	0.0
21175x24667	0.0
21494x24848	0.0
21176x25032	0.0
21495x25214	0.0
21177x25397	0.0
21496x25579	0.0
21178x25762	0.0
21496x25944	0.0
21179x26127	0.0
21497x26309	0.0
21180x26492	0.0
21498x26674	0.0
21181x26857	0.0
21499x27039	0.0
21182x27223	0.0
21500x27404	0.0
21183x27588	0.0
21501x27769	0.0
22091x10607	1.0
21774x10790	1.0
22092x10972	1.0
21775x11156	1.0
22093x11337	1.0
21776x11521	1.0
22094x11702	1.0
21777x11886	1.0
22095x12068	1.0
21778x12251	1.0
22096x12433	1.0
21779x12616	1.0
22097x12798	1.0
21780x12981	1.0
22098x13163	1.0
21781x13346	1.0
22099x13528	1.0
21782x13711	0.0
22100x13893	0.0
21783x14077	0.0
22101x14258	0.0
21784x14442	0.0
22102x14623	0.0
21785x14807	0.0
22103x14989	0.0
21786x15172	0.0
22104x15354	0.0
21787x15537	0.0
22105x15719	0.0
21787x15902	0.0
22106x16084	0.0
21788x16267	0.0
22107x16449	0.0
21789x16632	0.0
22108x16814	0.0
21790x16998	0.0
22109x17179	0.0
21791x17363	0.0
22110x17544	0.0
21792x17728	0.0
22110x17909	0.0
21793x18093	0.0
22111x18275	0.0
21794x18458	0.0
22112x18640	0.0
21795x18823	0.0
22113x19005	0.0
21796x19188	0.0
22114x19370	0.0
21797x19553	0.0
22115x19735	0.0
21798x19918	0.0
22116x20100	0.0
21799x20284	0.0
22117x20465	0.0
21800x20649	0.0
22118x20830	0.0
21801x21014	0.0
22119x21196	0.0
21802x21379	0.0
22120x21561	0.0
21803x21744	0.0
22121x21926	0.0
21804x22109	0.0
22122x22291	0.0
21805x22474	0.0
22123x22656	0.0
21806x22839	0.0
22124x23021	0.0
21807x23205	0.0
22125x23386	0.0
21808x23570	0.0
22126x23751	0.0
21809x23935	0.0
22127x24117	0.0
21810x24300	0.0
22128x24482	0.0
21811x24665	0.0
22129x24847	0.0
21812x25030	0.0
22130x25212	0.0
21813x25395	0.0
22131x25577	0.0
21814x25760	0.0
22132x25942	0.0
21815x26126	0.0
22133x26307	0.0
21816x26491	0.0
22134x26672	0.0
21817x26856	0.0
22135x27037	0.0
21818x27221	0.0
22136x27403	0.0
21819x27586	0.0
22137x27768	0.0
22409x10789	1.0
22727x10971	1.0
22410x11154	1.0
22728x11336	1.0
22411x11519	1.0
22729x11701	1.0
22412x11884	1.0
22730x12066	1.0
22413x12249	1.0
22731x12431	1.0
22414x12614	1.0
22732x12796	1.0
22415x12980	1.0
22733x13161	1.0
22416x13345	1.0
22734x13526	0.0
22417x13710	0.0
22735x13891	0.0
22418x14075	0.0
22736x14257	0.0
22419x14440	0.0
22737x14622	0.0
22420x14805	0.0
22738x14987	0.0
22421x15170	0.0
22739x15352	0.0
22422x15535	0.0
22740x15717	0.0
22423x15900	0.0
22741x16082	0.0
22424x16266	0.0
22742x16447	0.0
22425x16631	0.0
22743x16812	0.0
22426x16996	0.0
22744x17178	0.0
22427x17361	0.0
22745x17543	0.0
22428x17726	0.0
22746x17908	0.0
22429x18091	0.0
22747x18273	0.0
22430x18456	0.0
22748x18638	0.0
22431x18821	0.0
22749x19003	0.0
22432x19187	0.0
22750x19368	0.0
22432x19552	0.0
22751x19733	0.0
22433x19917	0.0
22752x20099	0.0
22434x20282	0.0
22753x20464	0.0
22435x20647	0.0
22754x20829	0.0
22436x21012	0.0
22755x21194	0.0
22437x21377	0.0
22755x21559	0.0
22438x21742	0.0
22756x21924	0.0
22439x22108	0.0
22757x22289	0.0
22440x22473	0.0
22758x22654	0.0
22441x22838	0.0
22759x23019	0.0
22442x23203	0.0
22760x23385	0.0
22443x23568	0.0
22761x23750	0.0
22444x23933	0.0
22762x24115	0.0
22445x24298	0.0
22763x24480	0.0
22446x24663	0.0
22764x24845	0.0
22447x25028	0.0
22765x25210	0.0
22448x25394	0.0
22766x25575	0.0
22449x25759	0.0
22767x25940	0.0
22450x26124	0.0
22768x26306	0.0
22451x26489	0.0
22769x26671	0.0
22452x26854	0.0
22770x27036	0.0
22453x27219	0.0
22771x27401	0.0
22454x27584	0.0
22772x27766	0.0
23362x10604	1.0
23045x10787	1.0
23363x10969	0.0
23046x11152	1.0
23364x11334	0.0
23046x11517	1.0
23365x11699	0.0
23047x11882	1.0
23366x12064	0.0
23048x12248	0.0
23367x12429	0.0
23049x12613	0.0
23368x12794	0.0
23050x12978	0.0
23369x13160	0.0
23051x13343	0.0
23369x13525	0.0
23052x13708	0.0
23370x13890	0.0
23053x14073	0.0
23371x14255	0.0
23054x14438	0.0
23372x14620	0.0
23055x14803	0.0
23373x14985	0.0
23056x15169	0.0
23374x15350	0.0
23057x15534	0.0
23375x15715	0.0
23058x15899	0.0
23376x16081	0.0
23059x16264	0.0
23377x16446	0.0
23060x16629	0.0
23378x16811	0.0
23061x16994	0.0
23379x17176	0.0
23062x17359	0.0
23380x17541	0.0
23063x17724	0.0
23381x17906	0.0
23064x18090	0.0
23382x18271	0.0
23065x18455	0.0
23383x18636	0.0
23066x18820	0.0
23384x19001	0.0
23067x19185	0.0
23385x19367	0.0
23068x19550	0.0
23386x19732	0.0
23069x19915	0.0
23387x20097	0.0
23070x20280	0.0
23388x20462	0.0
23071x20645	0.0
23389x20827	0.0
23072x21010	0.0
23390x21192	0.0
23073x21376	0.0
23391x21557	0.0
23074x21741	0.0
23392x21922	0.0
23075x22106	0.0
23393x22288	0.0
23076x22471	0.0
23394x22653	0.0
23077x22836	0.0
23395x23018	0.0
23077x23201	0.0
23396x23383	0.0
23078x23566	0.0
23397x23748	0.0
23079x23931	0.0
23398x24113	0.0
23080x24297	0.0
23399x24478	0.0
23081x24662	0.0
23400x24843	0.0
23082x25027	0.0
23400x25208	0.0
23083x25392	0.0
23401x25574	0.0
23084x25757	0.0
23402x25939	0.0
23085x26122	0.0
23403x26304	0.0
23086x26487	0.0
23404x26669	0.0
23087x26852	0.0
23405x27034	0.0
23088x27217	0.0
23406x27399	0.0
23089x27583	0.0
23407x27764	0.0
23680x10785	0.0
23998x10967	0.0
23681x11151	0.0
23999x11332	0.0
23682x11516	0.0
24000x11697	0.0
23683x11881	0.0
24001x12063	0.0
23684x12246	0.0
24002x12428	0.0
23685x12611	0.0
24003x12793	0.0
23686x12976	0.0
24004x13158	0.0
23687x13341	0.0
24005x13523	0.0
23688x13706	0.0
24006x13888	0.0
23689x14072	0.0
24007x14253	0.0
23690x14437	0.0
24008x14618	0.0
23691x14802	0.0
24009x14983	0.0
23691x15167	0.0
24010x15349	0.0
23692x15532	0.0
24011x15714	0.0
23693x15897	0.0
24012x16079	0.0
23694x16262	0.0
24013x16444	0.0
23695x16627	0.0
24013x16809	0.0
23696x16992	0.0
24014x17174	0.0
23697x17358	0.0
24015x17539	0.0
23698x17723	0.0
24016x17904	0.0
23699x18088	0.0
24017x18270	0.0
23700x18453	0.0
24018x18635	0.0
23701x18818	0.0
24019x19000	0.0
23702x19183	0.0
24020x19365	0.0
23703x19548	0.0
24021x19730	0.0
23704x19913	0.0
24022x20095	0.0
23705x20279	0.0
24023x20460	0.0
23706x20644	0.0
24024x20825	0.0
23707x21009	0.0
24025x21190	0.0
23708x21374	0.0
24026x21556	0.0
23709x21739	0.0
24027x21921	0.0
23710x22104	0.0
24028x22286	0.0
23711x22469	0.0
24029x22651	0.0
23712x22834	0.0
24030x23016	0.0
23713x23199	0.0
24031x23381	0.0
23714x23565	0.0
24032x23746	0.0
23715x23930	0.0
24033x24111	0.0
23716x24295	0.0
24034x24477	0.0
23717x24660	0.0
24035x24842	0.0
23718x25025	0.0
24036x25207	0.0
23719x25390	0.0
24037x25572	0.0
23720x25755	0.0
24038x25937	0.0
23721x26120	0.0
24039x26302	0.0
23722x26486	0.0
24040x26667	0.0
23722x26851	0.0
24041x27032	0.0
23723x27216	0.0
24042x27398	0.0
23724x27581	0.0
24043x27763	0.0
24316x11149	0.0
24634x11331	0.0
24317x11514	0.0
24635x11696	0.0
24318x11879	0.0
24636x12061	0.0
24319x12244	0.0
24637x12426	0.0
24320x12609	0.0
24638x12791	0.0
24321x12974	0.0
24639x13156	0.0
24322x13340	0.0
24640x13521	0.0
24323x13705	0.0
24641x13886	0.0
24324x14070	0.0
24642x14252	0.0
24325x14435	0.0
24643x14617	0.0
24326x14800	0.0
24644x14982	0.0
24327x15165	0.0
24645x15347	0.0
24328x15530	0.0
24646x15712	0.0
24329x15895	0.0
24647x16077	0.0
24330x16261	0.0
24648x16442	0.0
24331x16626	0.0
24649x16807	0.0
24332x16991	0.0
24650x17172	0.0
24333x17356	0.0
24651x17538	0.0
24334x17721	0.0
24652x17903	0.0
24335x18086	0.0
24653x18268	0.0
24336x18451	0.0
24654x18633	0.0
24336x18816	0.0
24655x18998	0.0
24337x19181	0.0
24656x19363	0.0
24338x19547	0.0
24657x19728	0.0
24339x19912	0.0
24658x20093	0.0
24340x20277	0.0
24658x20459	0.0
24341x20642	0.0
24659x20824	0.0
24342x21007	0.0
24660x21189	0.0
24343x21372	0.0
24661x21554	0.0
24344x21737	0.0
24662x21919	0.0
24345x22102	0.0
24663x22284	0.0
24346x22468	0.0
24664x22649	0.0
24347x22833	0.0
24665x23014	0.0
24348x23198	0.0
24666x23380	0.0
24349x23563	0.0
24667x23745	0.0
24350x23928	0.0
24668x24110	0.0
24351x24293	0.0
24669x24475	0.0
24352x24658	0.0
24670x24840	0.0
24353x25023	0.0
24671x25205	0.0
24354x25389	0.0
24672x25570	0.0
24355x25754	0.0
24673x25935	0.0
24356x26119	0.0
24674x26300	0.0
24357x26484	0.0
24675x26666	0.0
24358x26849	0.0
24676x27031	0.0
24359x27214	0.0
24677x27396	0.0
24360x27579	0.0
24678x27761	0.0
24951x11147	0.0
25270x11329	0.0
24952x11512	0.0
25271x11694	0.0
24953x11877	0.0
25272x12059	0.0
24954x12243	0.0
25272x12424	0.0
24955x12608	0.0
25273x12789	0.0
24956x12973	0.0
25274x13154	0.0
24957x13338	0.0
25275x13520	0.0
24958x13703	0.0
25276x13885	0.0
24959x14068	0.0
25277x14250	0.0
24960x14433	0.0
25278x14615	0.0
24961x14798	0.0
25279x14980	0.0
24962x15163	0.0
25280x15345	0.0
24963x15529	0.0
25281x15710	0.0
24964x15894	0.0
25282x16075	0.0
24965x16259	0.0
25283x16441	0.0
24966x16624	0.0
25284x16806	0.0
24967x16989	0.0
25285x17171	0.0
24968x17354	0.0
25286x17536	0.0
24969x17719	0.0
25287x17901	0.0
24970x18084	0.0
25288x18266	0.0
24971x18450	0.0
25289x18631	0.0
24972x18815	0.0
25290x18996	0.0
24973x19180	0.0
25291x19362	0.0
24974x19545	0.0
25292x19727	0.0
24975x19910	0.0
25293x20092	0.0
24976x20275	0.0
25294x20457	0.0
24977x20640	0.0
25295x20822	0.0
24978x21005	0.0
25296x21187	0.0
24979x21371	0.0
25297x21552	0.0
24980x21736	0.0
25298x21917	0.0
24981x22101	0.0
25299x22282	0.0
24981x22466	0.0
25300x22648	0.0
24982x22831	0.0
25301x23013	0.0
24983x23196	0.0
25302x23378	0.0
24984x23561	0.0
25303x23743	0.0
24985x23926	0.0
25303x24108	0.0
24986x24291	0.0
25304x24473	0.0
24987x24657	0.0
25305x24838	0.0
24988x25022	0.0
25306x25203	0.0
24989x25387	0.0
25307x25569	0.0
24990x25752	0.0
25308x25934	0.0
24991x26117	0.0
25309x26299	0.0
24992x26482	0.0
25310x26664	0.0
24993x26847	0.0
25311x27029	0.0
24994x27212	0.0
25312x27394	0.0
24995x27578	0.0
25313x27759	0.0
25588x11511	0.0
25906x11692	0.0
25589x11876	0.0
25907x12057	0.0
25590x12241	0.0
25908x12423	0.0
25591x12606	0.0
25909x12788	0.0
25592x12971	0.0
25910x13153	0.0
25593x13336	0.0
25911x13518	0.0
25594x13701	0.0
25912x13883	0.0
25594x14066	0.0
25913x14248	0.0
25595x14432	0.0
25914x14613	0.0
25596x14797	0.0
25915x14978	0.0
25597x15162	0.0
25916x15344	0.0
25598x15527	0.0
25917x15709	0.0
25599x15892	0.0
25917x16074	0.0
25600x16257	0.0
25918x16439	0.0
25601x16622	0.0
25919x16804	0.0
25602x16987	0.0
25920x17169	0.0
25603x17353	0.0
25921x17534	0.0
25604x17718	0.0
25922x17899	0.0
25605x18083	0.0
25923x18264	0.0
25606x18448	0.0
25924x18630	0.0
25607x18813	0.0
25925x18995	0.0
25608x19178	0.0
25926x19360	0.0
25609x19543	0.0
25927x19725	0.0
25610x19908	0.0
25928x20090	0.0
25611x20273	0.0
25929x20455	0.0
25612x20639	0.0
25930x20820	0.0
25613x21004	0.0
25931x21185	0.0
25614x21369	0.0
25932x21551	0.0
25615x21734	0.0
25616x22099	0.0
25934x22281	0.0
25617x22464	0.0
25935x22646	0.0
25618x22829	0.0
25936x23011	0.0
25619x23194	0.0
25937x23376	0.0
25620x23560	0.0
25938x23741	0.0
25621x23925	0.0
25939x24106	0.0
25622x24290	0.0
25940x24472	0.0
25623x24655	0.0
25941x24837	0.0
25624x25020	0.0
25942x25202	0.0
25625x25385	0.0
25943x25567	0.0
25626x25750	0.0
25944x25932	0.0
25626x26115	0.0
25945x26297	0.0
25627x26481	0.0
25946x26662	0.0
25628x26846	0.0
25947x27027	0.0
25629x27211	0.0
25948x27392	0.0
25630x27576	0.0
25948x27758	0.0
26224x11874	0.0
26542x12056	0.0
26225x12239	0.0
26543x12421	0.0
26226x12604	0.0
26544x12786	0.0
26227x12969	0.0
26545x13151	0.0
26228x13335	0.0
26546x13516	0.0
26229x13700	0.0
26547x13881	0.0
26230x14065	0.0
26548x14246	0.0
26231x14430	0.0
26549x14612	0.0
26232x14795	0.0
26550x14977	0.0
26233x15160	0.0
26551x15342	0.0
26234x15525	0.0
26552x15707	0.0
26235x15890	0.0
26553x16072	0.0
26236x16255	0.0
26554x16437	0.0
26237x16621	0.0
26555x16802	0.0
26238x16986	0.0
26556x17167	0.0
26239x17351	0.0
26557x17533	0.0
26239x17716	0.0
26558x17898	0.0
26240x18081	0.0
26559x18263	0.0
26241x18446	0.0
26560x18628	0.0
26242x18811	0.0
26561x18993	0.0
26243x19176	0.0
26562x19358	0.0
26244x19542	0.0
26562x19723	0.0
26245x19907	0.0
26563x20088	0.0
26246x20272	0.0
26564x20454	0.0
26247x20637	0.0
26565x20819	0.0
26248x21002	0.0
26566x21184	0.0
26249x21367	0.0
26567x21549	0.0
26253x22828	0.0
26254x23193	0.0
26572x23374	0.0
26255x23558	0.0
26573x23740	0.0
26256x23923	0.0
26574x24105	0.0
26257x24288	0.0
26575x24470	0.0
26258x24653	0.0
26576x24835	0.0
26259x25018	0.0
26577x25200	0.0
26260x25383	0.0
26578x25565	0.0
26261x25749	0.0
26579x25930	0.0
26262x26114	0.0
26580x26295	0.0
26263x26479	0.0
26581x26661	0.0
26264x26844	0.0
26582x27026	0.0
26265x27209	0.0
26583x27391	0.0
26266x27574	0.0
26584x27756	0.0
26846x6761	0.0
26860x12237	0.0
27178x12419	0.0
26861x12603	0.0
27179x12784	0.0
26862x12968	0.0
27180x13149	0.0
26863x13333	0.0
27181x13515	0.0
26864x13698	0.0
27182x13880	0.0
26865x14063	0.0
27183x14245	0.0
26866x14428	0.0
27184x14610	0.0
26867x14793	0.0
27185x14975	0.0
26868x15158	0.0
27186x15340	0.0
26869x15524	0.0
27187x15705	0.0
26870x15889	0.0
27188x16070	0.0
26871x16254	0.0
27189x16436	0.0
26872x16619	0.0
27190x16801	0.0
26873x16984	0.0
27191x17166	0.0
26874x17349	0.0
27192x17531	0.0
26875x17714	0.0
27193x17896	0.0
26876x18079	0.0
27194x18261	0.0
26877x18445	0.0
27195x18626	0.0
26878x18810	0.0
27196x18991	0.0
26879x19175	0.0
27197x19356	0.0
26880x19540	0.0
27198x19722	0.0
26881x19905	0.0
27199x20087	0.0
26882x20270	0.0
27200x20452	0.0
26883x20635	0.0
27201x20817	0.0
26884x21000	0.0
26884x21365	0.0
26892x24286	0.0
26893x24652	0.0
27211x24833	0.0
26894x25017	0.0
27212x25198	0.0
26895x25382	0.0
27213x25563	0.0
26896x25747	0.0
27214x25929	0.0
26897x26112	0.0
27215x26294	0.0
26898x26477	0.0
27216x26659	0.0
26899x26842	0.0
27217x27024	0.0
26900x27207	0.0
27218x27389	0.0
26901x27572	0.0
27219x27754	0.0
27497x12601	0.0
27815x12783	0.0
27498x12966	0.0
27816x13148	0.0
27498x13331	0.0
27817x13513	0.0
27499x13696	0.0
27818x13878	0.0
27500x14061	0.0
27819x14243	0.0
27501x14427	0.0
27820x14608	0.0
27502x14792	0.0
27820x14973	0.0
27503x15157	0.0
27821x15338	0.0
27504x15522	0.0
27822x15704	0.0
27505x15887	0.0
27823x16069	0.0
27506x16252	0.0
27824x16434	0.0
27507x16617	0.0
27825x16799	0.0
27508x16982	0.0
27826x17164	0.0
27509x17347	0.0
27827x17529	0.0
27510x17713	0.0
27828x17894	0.0
27511x18078	0.0
27829x18259	0.0
27512x18443	0.0
27830x18625	0.0
27513x18808	0.0
27831x18990	0.0
27514x19173	0.0
27832x19355	0.0
27515x19538	0.0
27833x19720	0.0
27516x19903	0.0
27834x20085	0.0
27517x20268	0.0
27835x20450	0.0
27847x24832	0.0
27529x25015	0.0
27848x25197	0.0
27530x25380	0.0
27849x25562	0.0
27531x25745	0.0
27850x25927	0.0
27532x26110	0.0
27851x26292	0.0
27533x26475	0.0
27852x26657	0.0
27534x26841	0.0
27852x27022	0.0
27535x27206	0.0
27853x27387	0.0
27536x27571	0.0
27854x27753	0.0
28133x12964	0.0
28134x13329	0.0
28452x13511	0.0
28135x13695	0.0
28453x13876	0.0
28136x14060	0.0
28454x14241	0.0
28137x14425	0.0
28455x14607	0.0
28138x14790	0.0
28456x14972	0.0
28139x15155	0.0
28457x15337	0.0
28140x15520	0.0
28458x15702	0.0
28141x15885	0.0
28459x16067	0.0
28142x16250	0.0
28460x16432	0.0
28143x16616	0.0
28461x16797	0.0
28143x16981	0.0
28462x17162	0.0
28144x17346	0.0
28463x17527	0.0
28145x17711	0.0
28464x17893	0.0
28146x18076	0.0
28465x18258	0.0
28147x18441	0.0
28465x18623	0.0
28148x18806	0.0
28466x18988	0.0
28149x19171	0.0
28467x19353	0.0
28150x19536	0.0
28468x19718	0.0
28151x19902	0.0
28469x20083	0.0
28152x20267	0.0
28482x24830	0.0
28165x25013	0.0
28483x25195	0.0
28166x25378	0.0
28484x25560	0.0
28167x25744	0.0
28485x25925	0.0
28168x26109	0.0
28486x26290	0.0
28169x26474	0.0
28487x26655	0.0
28170x26839	0.0
28488x27021	0.0
28171x27204	0.0
28489x27386	0.0
28172x27569	0.0
28490x27751	0.0
28770x13693	0.0
28771x14058	0.0
29089x14240	0.0
28772x14423	0.0
29090x14605	0.0
28773x14788	0.0
29091x14970	0.0
28774x15153	0.0
29092x15335	0.0
28775x15519	0.0
29093x15700	0.0
28776x15884	0.0
29094x16065	0.0
28777x16249	0.0
29095x16430	0.0
28778x16614	0.0
29096x16796	0.0
28779x16979	0.0
29097x17161	0.0
28780x17344	0.0
29098x17526	0.0
28781x17709	0.0
29099x17891	0.0
28782x18074	0.0
29100x18256	0.0
28783x18439	0.0
29101x18621	0.0
28784x18805	0.0
29102x18986	0.0
28785x19170	0.0
29103x19351	0.0
28786x19535	0.0
28787x19900	0.0
28800x25012	0.0
29118x25193	0.0
28801x25377	0.0
29119x25558	0.0
28802x25742	0.0
29120x25924	0.0
28803x26107	0.0
29121x26289	0.0
28804x26472	0.0
29122x26654	0.0
28805x26837	0.0
29123x27019	0.0
28806x27202	0.0
29124x27384	0.0
28807x27567	0.0
29125x27749	0.0
29408x14787	0.0
29409x15152	0.0
29410x15517	0.0
29728x15699	0.0
29411x15882	0.0
29729x16064	0.0
29412x16247	0.0
29730x16429	0.0
29413x16612	0.0
29731x16794	0.0
29414x16977	0.0
29732x17159	0.0
29415x17342	0.0
29733x17524	0.0
29416x17708	0.0
29734x17889	0.0
29417x18073	0.0
29735x18254	0.0
29418x18438	0.0
29736x18619	0.0
29419x18803	0.0
29420x19168	0.0
29436x25375	0.0
29755x25557	0.0
29437x25740	0.0
29755x25922	0.0
29438x26105	0.0
29756x26287	0.0
29439x26470	0.0
29757x26652	0.0
29440x26836	0.0
29758x27017	0.0
29441x27201	0.0
29759x27382	0.0
29442x27566	0.0
29760x27747	0.0
